{"cameraMode":{"drawMode":0,"name":"Shaded","section":"Shading Mode"},"sceneLighting":false,"audioPlay":false,"sceneViewState":{"m_AlwaysRefresh":false,"showFog":true,"showSkybox":false,"showFlares":true,"showImageEffects":true,"showParticleSystems":true,"showVisualEffectGraphs":true,"m_FxEnabled":true},"in2DMode":false,"pivot":{"x":0.19312220811843873,"y":0.1252061277627945,"z":0.008979454636573792},"rotation":{"x":-0.07422837615013123,"y":-0.16289305686950684,"z":0.012290854007005692,"w":-0.9837810397148132},"size":0.8803160190582275,"orthographic":false}